date,epiweek,nta_id,county,neighborhood,cases_week,cases_4_week_avg,hospitalizations_month,deaths_month,retail_and_recreation_change_week,grocery_and_pharmacy_change_week,parks_change_week,transit_stations_change_week,workplaces_change_week,residential_change_week
2020/08/08,202032,QN0103,Queens County,Astoria,3.0,,,,-24.3,-4.3,119.3,-48.7,-39.9,12.4
2020/08/15,202033,QN0103,Queens County,Astoria,10.0,,,,-24.0,-3.7,138.4,-47.3,-39.1,11.6
2020/08/22,202034,QN0103,Queens County,Astoria,10.0,,,,-25.6,-4.9,120.4,-47.4,-39.1,11.4
2020/08/29,202035,QN0103,Queens County,Astoria,15.0,10.0,,,-24.4,-4.7,115.3,-46.9,-38.4,11.4
2020/09/05,202036,QN0103,Queens County,Astoria,9.0,11.0,,,-22.0,-2.3,130.6,-45.9,-38.0,10.3
2020/09/12,202037,QN0103,Queens County,Astoria,6.0,10.0,,,-23.1,-3.3,129.6,-47.4,-40.6,11.1
2020/09/19,202038,QN0103,Queens County,Astoria,12.0,10.0,,,-20.9,-2.6,103.7,-45.0,-34.1,10.6
2020/09/26,202039,QN0103,Queens County,Astoria,20.0,12.0,,,-21.7,-2.7,89.0,-45.1,-34.3,10.7
2020/10/03,202040,QN0103,Queens County,Astoria,19.0,14.0,,,-22.7,-1.3,73.7,-44.9,-33.9,10.7
2020/10/10,202041,QN0103,Queens County,Astoria,17.0,17.0,,,-24.1,-1.3,73.7,-44.4,-33.4,10.7
2020/10/17,202042,QN0103,Queens County,Astoria,18.0,18.0,,,-29.0,-6.9,35.4,-46.0,-35.0,12.3
2020/10/24,202043,QN0103,Queens County,Astoria,19.0,18.0,,,-25.1,-1.4,60.3,-43.9,-32.4,11.1
2020/10/31,202044,QN0103,Queens County,Astoria,25.0,20.0,,,-27.0,-4.4,15.3,-46.0,-32.9,12.0
2020/11/07,202045,QN0103,Queens County,Astoria,39.0,25.0,6.0,,-25.7,-4.4,34.1,-45.7,-32.9,12.0
2020/11/14,202046,QN0103,Queens County,Astoria,63.0,36.0,6.0,,-26.0,-4.9,37.4,-45.7,-33.1,12.3
2020/11/21,202047,QN0103,Queens County,Astoria,45.0,43.0,6.0,,-27.6,-4.7,15.6,-45.9,-32.7,12.6
2020/11/28,202048,QN0103,Queens County,Astoria,66.0,53.0,6.0,,-29.7,-2.6,12.3,-50.4,-41.1,14.7
2020/12/05,202049,QN0103,Queens County,Astoria,101.0,69.0,25.0,,-30.9,-9.4,-6.0,-48.6,-34.4,14.0
2020/12/12,202050,QN0103,Queens County,Astoria,138.0,88.0,25.0,,-28.7,-6.3,-1.7,-48.4,-33.4,13.1
2020/12/19,202051,QN0103,Queens County,Astoria,114.0,105.0,25.0,,-36.3,-10.4,-10.4,-49.7,-38.6,16.4
2020/12/26,202052,QN0103,Queens County,Astoria,129.0,120.0,25.0,,-31.4,-1.7,-22.1,-51.1,-43.6,15.1
2021/01/02,202053,QN0103,Queens County,Astoria,130.0,128.0,27.0,,-34.4,-7.7,-7.1,-53.0,-45.1,16.6
2021/01/09,202101,QN0103,Queens County,Astoria,201.0,144.0,27.0,,-36.4,-9.9,-13.6,-50.3,-36.1,15.3
2021/01/16,202102,QN0103,Queens County,Astoria,151.0,153.0,27.0,,-35.9,-10.4,-3.6,-51.0,-36.9,14.4
2021/01/23,202103,QN0103,Queens County,Astoria,120.0,150.0,27.0,,-36.4,-12.6,-7.6,-53.7,-39.1,15.0
2021/01/30,202104,QN0103,Queens County,Astoria,142.0,154.0,27.0,,-39.3,-14.7,-22.0,-54.0,-37.7,15.1
2021/02/06,202105,QN0103,Queens County,Astoria,111.0,131.0,39.0,8.0,-46.1,-17.3,-29.3,-55.9,-44.7,19.1
2021/02/13,202106,QN0103,Queens County,Astoria,109.0,120.0,39.0,8.0,-38.7,-12.7,-29.7,-52.0,-38.4,15.1
2021/02/20,202107,QN0103,Queens County,Astoria,107.0,117.0,39.0,8.0,-37.7,-15.0,-25.4,-51.9,-40.3,16.3
2021/02/27,202108,QN0103,Queens County,Astoria,109.0,109.0,39.0,8.0,-30.9,-9.6,-6.0,-48.1,-34.3,13.0
2021/03/06,202109,QN0103,Queens County,Astoria,109.0,108.0,27.0,,-29.7,-8.7,-8.3,-48.0,-34.1,13.0
2021/03/13,202110,QN0103,Queens County,Astoria,126.0,113.0,27.0,,-24.4,-5.1,41.7,-46.0,-33.0,11.9
2021/03/20,202111,QN0103,Queens County,Astoria,128.0,118.0,27.0,,-26.0,-7.7,11.0,-45.9,-33.1,12.0
2021/03/27,202112,QN0103,Queens County,Astoria,125.0,122.0,27.0,,-20.4,-4.3,66.0,-43.1,-32.9,10.7
2021/04/03,202113,QN0103,Queens County,Astoria,111.0,122.0,17.0,,-22.9,-4.1,19.6,-45.3,-37.9,11.7
2021/04/10,202114,QN0103,Queens County,Astoria,93.0,114.0,17.0,,-19.9,-2.9,79.4,-41.4,-33.6,10.0
2021/04/17,202115,QN0103,Queens County,Astoria,78.0,102.0,17.0,,-24.3,-7.4,21.4,-42.6,-32.4,11.0
2021/04/24,202116,QN0103,Queens County,Astoria,46.0,82.0,17.0,,-19.0,-3.7,71.0,-40.6,-30.9,9.6
2021/05/01,202117,QN0103,Queens County,Astoria,23.0,60.0,,,-18.4,-1.7,63.4,-39.9,-30.6,9.7
2021/05/08,202118,QN0103,Queens County,Astoria,23.0,42.0,,,-17.0,0.3,58.4,-38.3,-30.4,8.7
2021/05/15,202119,QN0103,Queens County,Astoria,9.0,25.0,,,-14.3,0.9,84.9,-35.9,-30.9,8.1
2021/05/22,202120,QN0103,Queens County,Astoria,3.0,14.0,,,-11.4,2.0,111.7,-34.0,-29.3,7.6
2021/05/29,202121,QN0103,Queens County,Astoria,9.0,11.0,,,-13.7,-0.6,70.6,-34.4,-29.1,7.9
2021/06/05,202122,QN0103,Queens County,Astoria,4.0,6.0,,,-13.9,0.1,72.1,-35.7,-33.1,8.7
2021/06/12,202123,QN0103,Queens County,Astoria,7.0,6.0,,,-9.9,2.9,100.0,-31.0,-27.1,6.9
2021/06/19,202124,QN0103,Queens County,Astoria,6.0,6.0,,,-8.0,4.0,108.3,-29.7,-27.6,6.3
2021/06/26,202125,QN0103,Queens County,Astoria,9.0,6.0,,,-8.1,2.3,108.4,-29.4,-28.3,5.7
2021/07/03,202126,QN0103,Queens County,Astoria,19.0,10.0,,,-11.9,0.0,71.3,-31.4,-31.9,6.7
2021/07/10,202127,QN0103,Queens County,Astoria,25.0,15.0,,,-12.4,1.1,112.0,-30.3,-36.0,6.9
2021/07/17,202128,QN0103,Queens County,Astoria,27.0,20.0,,,-10.3,2.1,95.9,-28.1,-29.4,6.4
2021/07/24,202129,QN0103,Queens County,Astoria,39.0,28.0,,,-8.9,3.3,108.1,-27.6,-29.4,6.0
2021/07/31,202130,QN0103,Queens County,Astoria,35.0,32.0,,,-9.0,2.3,104.4,-27.3,-29.0,6.0
2021/08/07,202131,QN0103,Queens County,Astoria,50.0,38.0,10.0,,-8.3,3.6,109.7,-27.6,-29.1,5.7
2021/08/14,202132,QN0103,Queens County,Astoria,65.0,47.0,10.0,,-10.4,1.6,82.1,-28.1,-29.3,6.3
2021/08/21,202133,QN0103,Queens County,Astoria,69.0,55.0,10.0,,-9.7,3.0,92.9,-28.0,-30.1,6.0
2021/08/28,202134,QN0103,Queens County,Astoria,59.0,61.0,10.0,,-15.7,-4.4,54.4,-31.4,-33.1,8.0
2021/09/04,202135,QN0103,Queens County,Astoria,70.0,66.0,8.0,,-8.7,1.9,110.1,-27.0,-31.9,6.6
2021/09/11,202136,QN0103,Queens County,Astoria,71.0,67.0,8.0,,-8.3,1.9,108.7,-29.0,-34.7,7.1
2021/09/18,202137,QN0103,Queens County,Astoria,62.0,66.0,8.0,,-5.4,5.9,92.3,-23.4,-29.1,5.0
2021/09/25,202138,QN0103,Queens County,Astoria,51.0,64.0,8.0,,-7.7,4.3,88.4,-23.0,-27.0,4.9
2021/10/02,202139,QN0103,Queens County,Astoria,38.0,56.0,6.0,,-7.9,5.4,75.6,-24.1,-23.9,4.7
2021/10/09,202140,QN0103,Queens County,Astoria,46.0,49.0,6.0,,-10.1,5.3,65.3,-23.3,-22.6,4.7
2021/10/16,202141,QN0103,Queens County,Astoria,38.0,43.0,6.0,,-10.0,4.4,61.7,-25.0,-24.7,5.6
2021/10/23,202142,QN0103,Queens County,Astoria,28.0,38.0,6.0,,-9.4,4.1,57.7,-23.1,-21.9,4.6
2021/10/30,202143,QN0103,Queens County,Astoria,35.0,37.0,6.0,,-10.3,3.9,33.9,-24.1,-22.4,6.0
2021/11/06,202144,QN0103,Queens County,Astoria,50.0,38.0,,,-9.6,5.6,38.1,-23.0,-22.4,5.4
2021/11/13,202145,QN0103,Queens County,Astoria,33.0,36.0,,,-10.9,2.9,34.1,-23.0,-23.1,6.1
2021/11/20,202146,QN0103,Queens County,Astoria,68.0,46.0,,,-10.7,3.1,22.0,-20.0,-20.3,5.1
2021/11/27,202147,QN0103,Queens County,Astoria,69.0,55.0,,,-14.9,3.0,3.7,-27.3,-33.9,8.6
2021/12/04,202148,QN0103,Queens County,Astoria,93.0,66.0,62.0,,-13.3,1.3,8.0,-20.1,-21.1,6.0
2021/12/11,202149,QN0103,Queens County,Astoria,120.0,88.0,62.0,,-12.7,1.1,7.9,-20.7,-19.0,5.9
2021/12/18,202150,QN0103,Queens County,Astoria,651.0,233.0,62.0,,-10.3,3.7,14.6,-20.1,-18.9,5.4
2021/12/25,202151,QN0103,Queens County,Astoria,1139.0,501.0,62.0,,-14.0,9.3,-6.6,-29.7,-35.0,9.6
2022/01/01,202152,QN0103,Queens County,Astoria,1531.0,860.0,60.0,14.0,-22.0,0.7,-6.3,-37.9,-44.4,14.3
2022/01/08,202201,QN0103,Queens County,Astoria,1311.0,1158.0,60.0,14.0,-26.7,-3.4,-7.4,-33.1,-30.7,13.3
2022/01/15,202202,QN0103,Queens County,Astoria,629.0,1152.0,60.0,14.0,-26.0,-4.7,-11.0,-34.7,-26.0,11.0
2022/01/22,202203,QN0103,Queens County,Astoria,311.0,946.0,60.0,14.0,-25.1,-7.3,-12.4,-36.1,-27.0,10.7
2022/01/29,202204,QN0103,Queens County,Astoria,127.0,594.0,60.0,14.0,-29.0,-9.1,-9.6,-39.0,-27.6,10.7
2022/02/05,202205,QN0103,Queens County,Astoria,73.0,285.0,7.0,,-24.7,-7.6,-10.6,-31.6,-24.3,9.3
2022/02/12,202206,QN0103,Queens County,Astoria,58.0,142.0,7.0,,-18.4,-0.1,16.9,-28.3,-20.1,6.3
2022/02/19,202207,QN0103,Queens County,Astoria,34.0,73.0,7.0,,-21.6,-4.6,-1.3,-27.9,-20.7,6.7
2022/02/26,202208,QN0103,Queens County,Astoria,32.0,49.0,7.0,,-21.1,-8.0,5.7,-30.9,-30.4,8.4
2022/03/05,202209,QN0103,Queens County,Astoria,34.0,40.0,,,-20.7,-5.0,6.3,-26.3,-19.7,5.6
2022/03/12,202210,QN0103,Queens County,Astoria,38.0,34.0,,,-24.0,-9.4,1.9,-28.0,-20.0,6.3
2022/03/19,202211,QN0103,Queens County,Astoria,60.0,41.0,,,-19.0,-5.9,28.6,-25.4,-19.9,5.3
2022/03/26,202212,QN0103,Queens County,Astoria,90.0,56.0,,,-20.0,-6.9,20.7,-25.0,-19.3,5.3
2022/04/02,202213,QN0103,Queens County,Astoria,130.0,80.0,5.0,,-22.1,-6.7,8.0,-25.3,-18.7,5.3
2022/04/09,202214,QN0103,Queens County,Astoria,138.0,104.0,5.0,,-22.3,-6.9,11.9,-25.1,-19.1,5.3
2022/04/16,202215,QN0103,Queens County,Astoria,164.0,130.0,5.0,,-16.1,-1.4,49.3,-24.3,-21.6,4.6
2022/04/23,202216,QN0103,Queens County,Astoria,150.0,146.0,5.0,,-19.1,-8.1,36.0,-26.0,-29.6,5.9
2022/04/30,202217,QN0103,Queens County,Astoria,222.0,168.0,5.0,,-16.7,-3.9,41.6,-20.1,-18.0,3.7
2022/05/07,202218,QN0103,Queens County,Astoria,273.0,202.0,13.0,,-17.4,-4.9,24.4,-22.0,-20.3,4.9
2022/05/14,202219,QN0103,Queens County,Astoria,272.0,229.0,13.0,,-14.1,-2.1,42.9,-20.7,-18.3,3.3
2022/05/21,202220,QN0103,Queens County,Astoria,249.0,254.0,13.0,,-13.7,-4.0,68.0,-18.1,-18.7,3.1
2022/05/28,202221,QN0103,Queens County,Astoria,270.0,266.0,13.0,,-12.9,-3.1,65.9,-18.7,-19.7,3.3
2022/06/04,202222,QN0103,Queens County,Astoria,195.0,246.0,15.0,,-12.9,-3.1,95.1,-20.4,-25.7,3.6
2022/06/11,202223,QN0103,Queens County,Astoria,183.0,224.0,15.0,,-12.3,-2.6,85.6,-18.0,-20.7,3.0
2022/06/18,202224,QN0103,Queens County,Astoria,160.0,202.0,15.0,,-11.0,-2.0,69.6,-17.3,-20.1,3.0
2022/06/25,202225,QN0103,Queens County,Astoria,213.0,188.0,15.0,,-10.7,-2.4,83.9,-17.6,-24.1,3.3
2022/07/02,202226,QN0103,Queens County,Astoria,225.0,195.0,22.0,,-11.7,-2.3,82.4,-17.1,-25.4,3.7
2022/07/09,202227,QN0103,Queens County,Astoria,206.0,201.0,22.0,,-16.0,-3.7,95.1,-20.6,-33.0,4.6
2022/07/16,202228,QN0103,Queens County,Astoria,218.0,216.0,22.0,,-15.1,-4.3,89.1,-17.9,-26.0,3.9
2022/07/23,202229,QN0103,Queens County,Astoria,190.0,210.0,22.0,,-16.9,-5.9,80.0,-18.3,-26.0,5.4
2022/07/30,202230,QN0103,Queens County,Astoria,158.0,193.0,22.0,,-15.6,-4.3,79.7,-18.6,-25.3,4.0
2022/08/06,202231,QN0103,Queens County,Astoria,149.0,179.0,14.0,,-15.3,-4.6,82.0,-18.7,-25.6,4.1
2022/08/13,202232,QN0103,Queens County,Astoria,134.0,158.0,14.0,,-15.1,-5.1,80.1,-17.9,-25.4,3.9
2022/08/20,202233,QN0103,Queens County,Astoria,119.0,140.0,14.0,,-15.4,-5.7,87.6,-17.1,-26.3,6.0
2022/08/27,202234,QN0103,Queens County,Astoria,94.0,124.0,14.0,,-15.6,-7.1,87.4,-17.7,-27.3,6.4
2022/09/03,202235,QN0103,Queens County,Astoria,90.0,109.0,15.0,,-11.4,-6.6,116.0,-16.0,-27.9,3.9
2022/09/10,202236,QN0103,Queens County,Astoria,82.0,96.0,15.0,,-14.0,-7.0,90.9,-18.6,-31.1,4.6
2022/09/17,202237,QN0103,Queens County,Astoria,95.0,90.0,15.0,,-14.1,-5.6,57.1,-13.9,-23.6,2.4
2022/09/24,202238,QN0103,Queens County,Astoria,87.0,88.0,15.0,,-15.7,-7.1,52.7,-13.3,-23.7,2.7
2022/10/01,202239,QN0103,Queens County,Astoria,84.0,87.0,19.0,,-16.3,-7.0,30.9,-18.1,-25.3,4.4
2022/10/08,202240,QN0103,Queens County,Astoria,86.0,88.0,19.0,,-18.4,-9.0,8.4,-18.3,-23.3,4.6
2022/10/15,202241,QN0103,Queens County,Astoria,89.0,86.0,19.0,,-16.7,-7.4,35.9,-17.0,-24.0,4.0
2020/08/08,202032,MN0702,New York County,Upper West Side,4.0,,,,-63.0,-29.7,-27.0,-59.7,-53.7,16.1
2020/08/15,202033,MN0702,New York County,Upper West Side,14.0,,,,-61.7,-28.6,-21.3,-58.0,-53.3,14.7
2020/08/22,202034,MN0702,New York County,Upper West Side,5.0,,,,-62.0,-29.0,-22.3,-58.3,-53.7,14.6
2020/08/29,202035,MN0702,New York County,Upper West Side,3.0,6.0,,,-61.4,-29.1,-24.6,-57.9,-52.9,14.7
2020/09/05,202036,MN0702,New York County,Upper West Side,6.0,7.0,,,-59.3,-26.7,-17.4,-55.1,-52.1,13.4
2020/09/12,202037,MN0702,New York County,Upper West Side,6.0,5.0,,,-59.9,-27.1,-16.4,-55.7,-53.3,13.3
2020/09/19,202038,MN0702,New York County,Upper West Side,17.0,8.0,,,-57.6,-25.0,-20.9,-53.4,-48.9,14.0
2020/09/26,202039,MN0702,New York County,Upper West Side,18.0,12.0,,,-56.4,-25.7,-23.0,-52.9,-48.7,13.7
2020/10/03,202040,MN0702,New York County,Upper West Side,17.0,14.0,,,-56.6,-24.4,-27.6,-53.3,-47.9,13.9
2020/10/10,202041,MN0702,New York County,Upper West Side,10.0,16.0,,,-56.9,-23.7,-25.0,-52.7,-47.6,13.6
2020/10/17,202042,MN0702,New York County,Upper West Side,14.0,15.0,,,-60.0,-29.0,-36.4,-54.1,-49.0,15.3
2020/10/24,202043,MN0702,New York County,Upper West Side,20.0,15.0,,,-56.6,-23.4,-27.4,-52.1,-46.6,14.1
2020/10/31,202044,MN0702,New York County,Upper West Side,23.0,17.0,,,-59.1,-26.1,-42.6,-54.1,-47.6,15.1
2020/11/07,202045,MN0702,New York County,Upper West Side,51.0,27.0,14.0,,-58.9,-25.4,-36.0,-54.1,-47.3,14.7
2020/11/14,202046,MN0702,New York County,Upper West Side,75.0,42.0,14.0,,-58.4,-26.0,-35.4,-53.4,-46.4,15.4
2020/11/21,202047,MN0702,New York County,Upper West Side,84.0,58.0,14.0,,-59.9,-26.6,-41.3,-53.9,-46.9,16.0
2020/11/28,202048,MN0702,New York County,Upper West Side,77.0,72.0,14.0,,-63.6,-31.0,-42.3,-59.9,-52.3,16.3
2020/12/05,202049,MN0702,New York County,Upper West Side,87.0,81.0,20.0,,-62.4,-30.7,-47.3,-56.7,-48.0,17.0
2020/12/12,202050,MN0702,New York County,Upper West Side,84.0,83.0,20.0,,-60.6,-27.9,-42.0,-56.1,-47.0,16.7
2020/12/19,202051,MN0702,New York County,Upper West Side,115.0,91.0,20.0,,-65.1,-33.1,-46.1,-58.9,-50.9,18.7
2020/12/26,202052,MN0702,New York County,Upper West Side,106.0,98.0,20.0,,-64.3,-32.4,-42.9,-61.6,-54.0,17.1
2021/01/02,202053,MN0702,New York County,Upper West Side,112.0,104.0,32.0,5.0,-64.7,-34.1,-37.4,-61.9,-54.9,17.9
2021/01/09,202101,MN0702,New York County,Upper West Side,146.0,120.0,32.0,5.0,-67.1,-33.1,-54.1,-60.1,-50.3,18.0
2021/01/16,202102,MN0702,New York County,Upper West Side,138.0,126.0,32.0,5.0,-66.1,-33.1,-51.6,-60.6,-50.4,17.1
2021/01/23,202103,MN0702,New York County,Upper West Side,138.0,134.0,32.0,5.0,-66.9,-35.3,-53.6,-62.1,-52.9,17.6
2021/01/30,202104,MN0702,New York County,Upper West Side,129.0,138.0,32.0,5.0,-68.7,-36.6,-60.6,-61.9,-51.9,18.1
2021/02/06,202105,MN0702,New York County,Upper West Side,130.0,134.0,39.0,10.0,-72.0,-36.7,-62.3,-63.6,-55.4,20.3
2021/02/13,202106,MN0702,New York County,Upper West Side,113.0,128.0,39.0,10.0,-67.6,-33.0,-61.7,-60.0,-52.9,17.7
2021/02/20,202107,MN0702,New York County,Upper West Side,92.0,116.0,39.0,10.0,-65.7,-35.0,-58.3,-59.7,-54.9,18.4
2021/02/27,202108,MN0702,New York County,Upper West Side,92.0,107.0,39.0,10.0,-62.4,-30.1,-52.6,-56.7,-50.9,16.4
2021/03/06,202109,MN0702,New York County,Upper West Side,92.0,97.0,15.0,6.0,-62.0,-29.0,-54.0,-56.4,-50.7,16.1
2021/03/13,202110,MN0702,New York County,Upper West Side,109.0,96.0,15.0,6.0,-57.9,-25.4,-37.6,-54.4,-49.6,14.9
2021/03/20,202111,MN0702,New York County,Upper West Side,127.0,105.0,15.0,6.0,-58.9,-27.4,-47.3,-54.3,-49.7,15.6
2021/03/27,202112,MN0702,New York County,Upper West Side,97.0,106.0,15.0,6.0,-54.6,-24.4,-29.6,-51.9,-48.7,13.4
2021/04/03,202113,MN0702,New York County,Upper West Side,72.0,101.0,14.0,,-57.1,-27.1,-41.9,-54.7,-52.0,14.9
2021/04/10,202114,MN0702,New York County,Upper West Side,83.0,95.0,14.0,,-53.4,-22.7,-24.6,-51.4,-48.0,12.4
2021/04/17,202115,MN0702,New York County,Upper West Side,54.0,76.0,14.0,,-56.3,-27.9,-43.0,-52.4,-48.6,14.4
2021/04/24,202116,MN0702,New York County,Upper West Side,25.0,58.0,14.0,,-51.4,-22.4,-25.1,-49.6,-46.7,13.0
2021/05/01,202117,MN0702,New York County,Upper West Side,22.0,46.0,,,-51.7,-21.4,-28.4,-49.7,-46.7,12.7
2021/05/08,202118,MN0702,New York County,Upper West Side,12.0,28.0,,,-50.7,-19.6,-30.1,-48.0,-46.1,12.1
2021/05/15,202119,MN0702,New York County,Upper West Side,5.0,16.0,,,-48.3,-18.6,-18.9,-45.6,-46.7,11.1
2021/05/22,202120,MN0702,New York County,Upper West Side,9.0,12.0,,,-45.9,-16.1,-8.1,-43.9,-45.6,10.3
2021/05/29,202121,MN0702,New York County,Upper West Side,4.0,8.0,,,-47.4,-19.3,-19.7,-44.3,-46.1,11.0
2021/06/05,202122,MN0702,New York County,Upper West Side,3.0,5.0,,,-47.4,-20.4,-18.1,-45.7,-49.1,11.0
2021/06/12,202123,MN0702,New York County,Upper West Side,8.0,6.0,,,-43.3,-15.3,-9.3,-40.1,-44.6,10.0
2021/06/19,202124,MN0702,New York County,Upper West Side,6.0,5.0,,,-41.0,-14.9,-2.1,-39.4,-45.1,9.1
2021/06/26,202125,MN0702,New York County,Upper West Side,6.0,6.0,,,-40.6,-16.4,-3.0,-38.4,-45.1,8.6
2021/07/03,202126,MN0702,New York County,Upper West Side,9.0,7.0,6.0,,-43.4,-19.3,-16.1,-41.4,-47.9,9.6
2021/07/10,202127,MN0702,New York County,Upper West Side,12.0,8.0,6.0,,-44.1,-20.6,-4.4,-41.1,-51.0,9.4
2021/07/17,202128,MN0702,New York County,Upper West Side,21.0,12.0,6.0,,-41.3,-17.4,-9.1,-38.9,-46.1,9.6
2021/07/24,202129,MN0702,New York County,Upper West Side,53.0,24.0,6.0,,-39.4,-16.1,0.9,-37.1,-45.3,8.7
2021/07/31,202130,MN0702,New York County,Upper West Side,39.0,31.0,6.0,,-40.6,-17.4,-1.6,-38.4,-44.9,8.9
2021/08/07,202131,MN0702,New York County,Upper West Side,44.0,39.0,6.0,,-39.9,-16.3,1.3,-38.4,-45.3,8.7
2021/08/14,202132,MN0702,New York County,Upper West Side,52.0,47.0,6.0,,-41.6,-18.7,-7.6,-39.9,-46.0,9.6
2021/08/21,202133,MN0702,New York County,Upper West Side,69.0,51.0,6.0,,-40.7,-17.3,-1.3,-38.7,-46.7,9.3
2021/08/28,202134,MN0702,New York County,Upper West Side,59.0,56.0,6.0,,-45.7,-22.3,-16.9,-44.0,-49.1,11.1
2021/09/04,202135,MN0702,New York County,Upper West Side,81.0,65.0,9.0,,-42.3,-16.9,-6.7,-38.3,-47.7,9.9
2021/09/11,202136,MN0702,New York County,Upper West Side,73.0,70.0,9.0,,-39.4,-16.0,-1.3,-39.3,-49.3,9.4
2021/09/18,202137,MN0702,New York County,Upper West Side,68.0,70.0,9.0,,-36.4,-10.4,3.4,-32.7,-44.6,8.9
2021/09/25,202138,MN0702,New York County,Upper West Side,69.0,73.0,9.0,,-35.4,-10.7,7.1,-31.6,-42.4,8.1
2021/10/02,202139,MN0702,New York County,Upper West Side,43.0,63.0,,,-36.0,-10.6,2.3,-32.0,-39.7,8.4
2021/10/09,202140,MN0702,New York County,Upper West Side,50.0,58.0,,,-35.1,-10.1,-2.4,-31.0,-38.1,8.3
2021/10/16,202141,MN0702,New York County,Upper West Side,39.0,50.0,,,-34.9,-12.3,-3.4,-32.9,-39.1,8.9
2021/10/23,202142,MN0702,New York County,Upper West Side,22.0,38.0,,,-33.1,-10.6,-3.3,-30.1,-36.4,8.1
2021/10/30,202143,MN0702,New York County,Upper West Side,31.0,36.0,,,-35.9,-11.7,-13.3,-31.3,-36.6,9.1
2021/11/06,202144,MN0702,New York County,Upper West Side,49.0,35.0,,,-32.4,-9.6,-5.3,-29.0,-35.9,8.7
2021/11/13,202145,MN0702,New York County,Upper West Side,68.0,42.0,,,-32.4,-11.9,-5.3,-29.7,-35.7,9.3
2021/11/20,202146,MN0702,New York County,Upper West Side,77.0,56.0,,,-31.1,-11.3,-10.4,-27.3,-33.0,8.3
2021/11/27,202147,MN0702,New York County,Upper West Side,76.0,68.0,,,-36.4,-16.9,-7.7,-35.1,-47.4,9.6
2021/12/04,202148,MN0702,New York County,Upper West Side,98.0,80.0,39.0,,-32.6,-12.4,-7.4,-28.4,-34.1,8.4
2021/12/11,202149,MN0702,New York County,Upper West Side,162.0,103.0,39.0,,-28.7,-11.0,0.4,-27.3,-32.0,9.1
2021/12/18,202150,MN0702,New York County,Upper West Side,715.0,263.0,39.0,,-30.0,-9.9,2.4,-29.0,-34.0,9.4
2021/12/25,202151,MN0702,New York County,Upper West Side,1158.0,533.0,39.0,,-42.0,-17.4,-8.3,-42.0,-52.3,13.3
2022/01/01,202152,MN0702,New York County,Upper West Side,1066.0,775.0,58.0,11.0,-43.4,-23.1,-3.6,-45.4,-58.6,15.6
2022/01/08,202201,MN0702,New York County,Upper West Side,1309.0,1062.0,58.0,11.0,-51.9,-24.3,-33.7,-45.7,-46.6,16.0
2022/01/15,202202,MN0702,New York County,Upper West Side,449.0,996.0,58.0,11.0,-53.1,-25.9,-42.4,-46.0,-43.3,14.7
2022/01/22,202203,MN0702,New York County,Upper West Side,447.0,818.0,58.0,11.0,-51.1,-27.9,-42.9,-47.3,-44.0,14.1
2022/01/29,202204,MN0702,New York County,Upper West Side,210.0,604.0,58.0,11.0,-52.0,-27.1,-41.7,-47.1,-42.1,14.3
2022/02/05,202205,MN0702,New York County,Upper West Side,121.0,307.0,9.0,,-48.7,-25.3,-41.3,-41.9,-39.4,12.4
2022/02/12,202206,MN0702,New York County,Upper West Side,75.0,213.0,9.0,,-41.0,-18.4,-23.6,-37.4,-36.4,10.0
2022/02/19,202207,MN0702,New York County,Upper West Side,62.0,117.0,9.0,,-42.7,-22.9,-31.9,-37.9,-36.9,10.1
2022/02/26,202208,MN0702,New York County,Upper West Side,56.0,78.0,9.0,,-42.1,-26.9,-26.4,-40.7,-43.9,11.0
2022/03/05,202209,MN0702,New York County,Upper West Side,75.0,67.0,,,-42.6,-24.1,-28.9,-36.7,-35.1,8.9
2022/03/12,202210,MN0702,New York County,Upper West Side,55.0,62.0,,,-45.6,-29.1,-33.7,-38.9,-35.7,9.3
2022/03/19,202211,MN0702,New York County,Upper West Side,101.0,72.0,,,-40.9,-27.1,-17.4,-35.9,-36.4,8.1
2022/03/26,202212,MN0702,New York County,Upper West Side,174.0,101.0,,,-41.4,-28.6,-22.7,-35.7,-34.6,8.4
2022/04/02,202213,MN0702,New York County,Upper West Side,137.0,117.0,16.0,,-42.4,-29.1,-27.9,-36.3,-33.3,8.3
2022/04/09,202214,MN0702,New York County,Upper West Side,210.0,156.0,16.0,,-41.9,-28.3,-22.9,-35.6,-33.3,8.1
2022/04/16,202215,MN0702,New York County,Upper West Side,259.0,195.0,16.0,,-36.4,-24.4,2.9,-33.4,-35.7,7.4
2022/04/23,202216,MN0702,New York County,Upper West Side,199.0,201.0,16.0,,-38.3,-27.9,-4.3,-35.4,-39.3,7.9
2022/04/30,202217,MN0702,New York County,Upper West Side,195.0,216.0,16.0,,-37.9,-26.6,-9.7,-32.3,-31.4,6.7
2022/05/07,202218,MN0702,New York County,Upper West Side,304.0,239.0,24.0,,-38.9,-27.6,-15.3,-33.9,-34.0,7.7
2022/05/14,202219,MN0702,New York County,Upper West Side,172.0,218.0,24.0,,-35.4,-24.7,0.1,-31.0,-32.3,6.0
2022/05/21,202220,MN0702,New York County,Upper West Side,231.0,226.0,24.0,,-33.7,-25.1,10.0,-28.9,-33.7,5.7
2022/05/28,202221,MN0702,New York County,Upper West Side,223.0,232.0,24.0,,-35.3,-25.6,5.9,-30.7,-35.9,6.0
2022/06/04,202222,MN0702,New York County,Upper West Side,156.0,196.0,14.0,,-37.1,-26.7,9.9,-32.0,-39.6,5.7
2022/06/11,202223,MN0702,New York County,Upper West Side,118.0,182.0,14.0,,-34.7,-24.3,12.3,-28.3,-34.6,5.3
2022/06/18,202224,MN0702,New York County,Upper West Side,118.0,154.0,14.0,,-34.7,-24.9,9.1,-28.0,-34.6,5.7
2022/06/25,202225,MN0702,New York County,Upper West Side,143.0,134.0,14.0,,-34.9,-27.1,11.0,-28.9,-38.7,5.7
2022/07/02,202226,MN0702,New York County,Upper West Side,157.0,134.0,22.0,,-36.1,-26.3,10.4,-29.4,-38.6,6.1
2022/07/09,202227,MN0702,New York County,Upper West Side,233.0,163.0,22.0,,-40.6,-29.7,11.4,-34.4,-44.6,6.3
2022/07/16,202228,MN0702,New York County,Upper West Side,191.0,181.0,22.0,,-37.7,-26.6,11.3,-29.7,-38.7,5.9
2022/07/23,202229,MN0702,New York County,Upper West Side,161.0,186.0,22.0,,-38.6,-27.7,4.6,-30.7,-39.0,7.7
2022/07/30,202230,MN0702,New York County,Upper West Side,158.0,186.0,22.0,,-37.9,-23.3,7.7,-31.0,-38.4,6.6
2022/08/06,202231,MN0702,New York County,Upper West Side,168.0,170.0,23.0,,-37.9,-22.3,8.6,-30.9,-38.6,6.1
2022/08/13,202232,MN0702,New York County,Upper West Side,140.0,157.0,23.0,,-36.9,-22.6,10.9,-31.0,-39.6,6.1
2022/08/20,202233,MN0702,New York County,Upper West Side,108.0,144.0,23.0,,-35.6,-22.9,14.1,-29.4,-39.9,7.7
2022/08/27,202234,MN0702,New York County,Upper West Side,95.0,128.0,23.0,,-37.0,-23.3,7.4,-30.4,-40.7,8.4
2022/09/03,202235,MN0702,New York County,Upper West Side,81.0,106.0,20.0,,-36.7,-22.6,9.1,-29.9,-41.4,6.1
2022/09/10,202236,MN0702,New York County,Upper West Side,104.0,97.0,20.0,,-37.1,-23.0,6.1,-29.9,-43.4,6.3
2022/09/17,202237,MN0702,New York County,Upper West Side,107.0,97.0,20.0,,-33.1,-18.4,9.6,-24.7,-37.3,5.1
2022/09/24,202238,MN0702,New York County,Upper West Side,107.0,100.0,20.0,,-32.6,-18.9,10.4,-23.4,-37.1,5.3
2022/10/01,202239,MN0702,New York County,Upper West Side,141.0,115.0,21.0,,-35.9,-21.0,-0.1,-28.4,-37.9,6.4
2022/10/08,202240,MN0702,New York County,Upper West Side,111.0,116.0,21.0,,-37.0,-20.9,-6.4,-27.4,-35.9,6.7
2022/10/15,202241,MN0702,New York County,Upper West Side,94.0,113.0,21.0,,-34.0,-20.0,7.1,-25.7,-36.3,6.0
2020/08/08,202032,BK1001,Kings County,Bay Ridge,19.0,,10.0,,-25.1,-6.9,67.3,-40.0,-42.0,12.0
2020/08/15,202033,BK1001,Kings County,Bay Ridge,21.0,,10.0,,-24.7,-7.4,83.7,-38.9,-41.4,10.9
2020/08/22,202034,BK1001,Kings County,Bay Ridge,17.0,,10.0,,-25.9,-9.4,64.9,-40.1,-41.9,11.1
2020/08/29,202035,BK1001,Kings County,Bay Ridge,23.0,20.0,10.0,,-25.3,-9.4,59.6,-39.4,-41.3,11.0
2020/09/05,202036,BK1001,Kings County,Bay Ridge,17.0,20.0,5.0,,-21.4,-5.6,76.1,-36.4,-40.9,9.9
2020/09/12,202037,BK1001,Kings County,Bay Ridge,15.0,18.0,5.0,,-22.6,-6.4,77.4,-37.6,-43.0,10.4
2020/09/19,202038,BK1001,Kings County,Bay Ridge,14.0,17.0,5.0,,-21.0,-5.6,65.0,-35.6,-37.7,10.6
2020/09/26,202039,BK1001,Kings County,Bay Ridge,26.0,18.0,5.0,,-22.7,-7.0,55.9,-36.1,-38.0,10.3
2020/10/03,202040,BK1001,Kings County,Bay Ridge,27.0,20.0,17.0,,-24.4,-5.1,41.1,-37.3,-38.6,10.6
2020/10/10,202041,BK1001,Kings County,Bay Ridge,33.0,25.0,17.0,,-27.3,-5.3,43.9,-37.6,-39.4,10.9
2020/10/17,202042,BK1001,Kings County,Bay Ridge,45.0,33.0,17.0,,-32.1,-10.4,14.7,-39.4,-39.3,12.1
2020/10/24,202043,BK1001,Kings County,Bay Ridge,55.0,40.0,17.0,,-26.6,-5.0,37.6,-36.0,-35.6,10.9
2020/10/31,202044,BK1001,Kings County,Bay Ridge,44.0,44.0,17.0,,-29.7,-7.1,3.1,-39.1,-36.1,11.9
2020/11/07,202045,BK1001,Kings County,Bay Ridge,75.0,55.0,24.0,,-27.7,-6.3,23.0,-38.7,-36.0,11.6
2020/11/14,202046,BK1001,Kings County,Bay Ridge,85.0,65.0,24.0,,-28.7,-7.7,18.4,-38.6,-35.6,12.1
2020/11/21,202047,BK1001,Kings County,Bay Ridge,134.0,84.0,24.0,,-29.9,-7.0,1.0,-39.7,-35.3,12.1
2020/11/28,202048,BK1001,Kings County,Bay Ridge,159.0,113.0,24.0,,-33.0,-6.6,-0.4,-45.3,-42.3,13.7
2020/12/05,202049,BK1001,Kings County,Bay Ridge,196.0,144.0,59.0,9.0,-32.9,-12.1,-16.6,-43.3,-36.4,13.4
2020/12/12,202050,BK1001,Kings County,Bay Ridge,206.0,174.0,59.0,9.0,-30.7,-8.6,-11.1,-42.6,-35.6,12.7
2020/12/19,202051,BK1001,Kings County,Bay Ridge,216.0,194.0,59.0,9.0,-37.1,-13.6,-16.0,-45.1,-40.0,15.4
2020/12/26,202052,BK1001,Kings County,Bay Ridge,274.0,223.0,59.0,9.0,-33.9,-7.9,-23.3,-48.1,-44.0,14.0
2021/01/02,202053,BK1001,Kings County,Bay Ridge,310.0,252.0,74.0,15.0,-35.9,-13.0,-15.1,-50.6,-45.7,15.3
2021/01/09,202101,BK1001,Kings County,Bay Ridge,387.0,297.0,74.0,15.0,-37.4,-13.1,-20.9,-48.0,-38.6,14.3
2021/01/16,202102,BK1001,Kings County,Bay Ridge,358.0,332.0,74.0,15.0,-36.7,-14.1,-11.3,-48.3,-38.7,13.9
2021/01/23,202103,BK1001,Kings County,Bay Ridge,360.0,354.0,74.0,15.0,-37.7,-16.9,-18.4,-50.3,-41.6,14.1
2021/01/30,202104,BK1001,Kings County,Bay Ridge,287.0,348.0,74.0,15.0,-41.0,-18.9,-30.7,-50.6,-40.6,14.4
2021/02/06,202105,BK1001,Kings County,Bay Ridge,225.0,308.0,67.0,20.0,-48.0,-20.4,-31.3,-50.3,-46.1,18.0
2021/02/13,202106,BK1001,Kings County,Bay Ridge,251.0,281.0,67.0,20.0,-41.1,-15.7,-31.6,-47.3,-40.9,14.6
2021/02/20,202107,BK1001,Kings County,Bay Ridge,202.0,241.0,67.0,20.0,-40.7,-19.4,-30.9,-48.9,-43.6,15.3
2021/02/27,202108,BK1001,Kings County,Bay Ridge,205.0,221.0,67.0,20.0,-33.9,-13.7,-17.9,-45.0,-38.6,12.9
2021/03/06,202109,BK1001,Kings County,Bay Ridge,209.0,217.0,61.0,14.0,-32.9,-12.7,-19.7,-44.9,-38.3,12.4
2021/03/13,202110,BK1001,Kings County,Bay Ridge,221.0,209.0,61.0,14.0,-27.1,-9.4,23.7,-42.6,-37.1,11.3
2021/03/20,202111,BK1001,Kings County,Bay Ridge,192.0,207.0,61.0,14.0,-28.7,-12.1,-2.7,-43.3,-37.4,11.7
2021/03/27,202112,BK1001,Kings County,Bay Ridge,252.0,218.0,61.0,14.0,-22.9,-8.6,38.6,-40.1,-37.7,10.4
2021/04/03,202113,BK1001,Kings County,Bay Ridge,218.0,221.0,39.0,11.0,-30.0,-11.9,3.6,-46.0,-45.1,12.6
2021/04/10,202114,BK1001,Kings County,Bay Ridge,209.0,218.0,39.0,11.0,-24.3,-8.1,47.9,-40.4,-38.4,9.6
2021/04/17,202115,BK1001,Kings County,Bay Ridge,172.0,213.0,39.0,11.0,-28.7,-12.4,7.9,-41.6,-36.9,11.0
2021/04/24,202116,BK1001,Kings County,Bay Ridge,102.0,175.0,39.0,11.0,-22.7,-9.0,47.9,-38.1,-35.4,9.6
2021/05/01,202117,BK1001,Kings County,Bay Ridge,91.0,144.0,13.0,8.0,-22.6,-7.6,42.7,-38.1,-35.6,9.6
2021/05/08,202118,BK1001,Kings County,Bay Ridge,60.0,106.0,13.0,8.0,-21.3,-5.6,35.4,-37.1,-35.4,8.9
2021/05/15,202119,BK1001,Kings County,Bay Ridge,25.0,70.0,13.0,8.0,-19.6,-6.0,58.4,-34.9,-36.3,8.1
2021/05/22,202120,BK1001,Kings County,Bay Ridge,15.0,48.0,13.0,8.0,-19.3,-6.0,76.3,-35.3,-37.0,7.7
2021/05/29,202121,BK1001,Kings County,Bay Ridge,14.0,28.0,13.0,8.0,-21.6,-7.6,43.7,-36.1,-35.0,8.3
2021/06/05,202122,BK1001,Kings County,Bay Ridge,9.0,16.0,,,-21.1,-7.1,50.9,-37.6,-38.9,8.7
2021/06/12,202123,BK1001,Kings County,Bay Ridge,7.0,11.0,,,-17.1,-3.9,68.1,-31.9,-33.6,7.1
2021/06/19,202124,BK1001,Kings County,Bay Ridge,6.0,9.0,,,-14.9,-3.4,79.6,-31.7,-34.3,6.3
2021/06/26,202125,BK1001,Kings County,Bay Ridge,11.0,8.0,,,-16.1,-5.7,76.3,-32.4,-36.3,6.0
2021/07/03,202126,BK1001,Kings County,Bay Ridge,9.0,8.0,9.0,,-20.4,-7.9,49.4,-36.7,-39.1,7.3
2021/07/10,202127,BK1001,Kings County,Bay Ridge,21.0,12.0,9.0,,-20.9,-8.0,77.3,-35.0,-42.4,7.3
2021/07/17,202128,BK1001,Kings County,Bay Ridge,29.0,18.0,9.0,,-18.9,-7.0,62.0,-33.9,-37.3,6.7
2021/07/24,202129,BK1001,Kings County,Bay Ridge,47.0,26.0,9.0,,-17.3,-6.3,76.6,-32.9,-37.4,6.1
2021/07/31,202130,BK1001,Kings County,Bay Ridge,78.0,44.0,9.0,,-18.0,-7.3,71.7,-33.7,-36.7,6.1
2021/08/07,202131,BK1001,Kings County,Bay Ridge,102.0,64.0,22.0,,-17.0,-5.9,75.6,-33.4,-37.0,6.3
2021/08/14,202132,BK1001,Kings County,Bay Ridge,110.0,84.0,22.0,,-19.9,-8.6,53.3,-34.6,-37.9,7.0
2021/08/21,202133,BK1001,Kings County,Bay Ridge,120.0,102.0,22.0,,-18.6,-6.9,61.9,-33.7,-38.4,6.6
2021/08/28,202134,BK1001,Kings County,Bay Ridge,81.0,103.0,22.0,,-23.3,-11.6,34.0,-38.7,-40.7,8.6
2021/09/04,202135,BK1001,Kings County,Bay Ridge,104.0,104.0,19.0,,-17.1,-5.4,56.7,-32.1,-39.1,7.1
2021/09/11,202136,BK1001,Kings County,Bay Ridge,105.0,102.0,19.0,,-17.7,-6.9,61.0,-33.9,-42.6,7.7
2021/09/18,202137,BK1001,Kings County,Bay Ridge,98.0,97.0,19.0,,-15.3,-3.0,70.0,-26.6,-37.0,5.7
2021/09/25,202138,BK1001,Kings County,Bay Ridge,90.0,99.0,19.0,,-18.1,-6.0,61.9,-28.1,-36.0,5.7
2021/10/02,202139,BK1001,Kings County,Bay Ridge,78.0,93.0,7.0,,-18.3,-5.0,55.9,-27.4,-33.6,5.7
2021/10/09,202140,BK1001,Kings County,Bay Ridge,71.0,84.0,7.0,,-16.7,-3.3,49.3,-26.0,-29.9,5.4
2021/10/16,202141,BK1001,Kings County,Bay Ridge,45.0,71.0,7.0,,-18.0,-5.3,48.6,-28.9,-31.3,6.1
2021/10/23,202142,BK1001,Kings County,Bay Ridge,39.0,58.0,7.0,,-17.3,-5.3,45.1,-26.0,-28.0,5.3
2021/10/30,202143,BK1001,Kings County,Bay Ridge,53.0,52.0,7.0,,-18.6,-5.7,28.1,-26.9,-28.4,6.3
2021/11/06,202144,BK1001,Kings County,Bay Ridge,51.0,47.0,18.0,,-16.7,-4.7,32.1,-25.9,-28.7,6.0
2021/11/13,202145,BK1001,Kings County,Bay Ridge,76.0,55.0,18.0,,-18.4,-6.4,29.3,-27.1,-29.3,6.9
2021/11/20,202146,BK1001,Kings County,Bay Ridge,126.0,76.0,18.0,,-17.9,-5.9,18.4,-26.1,-26.4,6.0
2021/11/27,202147,BK1001,Kings County,Bay Ridge,111.0,91.0,18.0,,-24.4,-8.4,-0.3,-35.7,-39.1,8.6
2021/12/04,202148,BK1001,Kings County,Bay Ridge,169.0,120.0,93.0,7.0,-21.0,-8.0,7.7,-28.0,-27.3,6.4
2021/12/11,202149,BK1001,Kings County,Bay Ridge,214.0,155.0,93.0,7.0,-20.6,-7.6,8.1,-27.1,-25.7,6.3
2021/12/18,202150,BK1001,Kings County,Bay Ridge,514.0,252.0,93.0,7.0,-18.4,-5.9,12.0,-27.7,-25.9,6.4
2021/12/25,202151,BK1001,Kings County,Bay Ridge,1365.0,566.0,93.0,7.0,-25.4,-5.0,-8.6,-39.1,-41.1,10.3
2022/01/01,202152,BK1001,Kings County,Bay Ridge,2222.0,1079.0,82.0,27.0,-31.3,-12.9,-5.9,-45.6,-49.9,14.0
2022/01/08,202201,BK1001,Kings County,Bay Ridge,2103.0,1551.0,82.0,27.0,-34.6,-13.6,-14.0,-40.7,-36.4,13.0
2022/01/15,202202,BK1001,Kings County,Bay Ridge,1043.0,1683.0,82.0,27.0,-32.9,-14.0,-17.9,-39.6,-32.1,11.0
2022/01/22,202203,BK1001,Kings County,Bay Ridge,574.0,1486.0,82.0,27.0,-32.6,-16.4,-18.0,-40.6,-33.9,11.0
2022/01/29,202204,BK1001,Kings County,Bay Ridge,280.0,1000.0,82.0,27.0,-35.1,-17.1,-18.0,-39.6,-33.3,10.9
2022/02/05,202205,BK1001,Kings County,Bay Ridge,147.0,511.0,18.0,6.0,-32.3,-15.6,-21.3,-34.4,-31.0,9.6
2022/02/12,202206,BK1001,Kings County,Bay Ridge,86.0,272.0,18.0,6.0,-24.3,-9.1,6.1,-31.0,-27.1,6.9
2022/02/19,202207,BK1001,Kings County,Bay Ridge,66.0,145.0,18.0,6.0,-27.9,-13.4,-10.4,-33.0,-27.6,7.3
2022/02/26,202208,BK1001,Kings County,Bay Ridge,27.0,82.0,18.0,6.0,-27.9,-17.1,-6.7,-39.0,-36.7,9.0
2022/03/05,202209,BK1001,Kings County,Bay Ridge,25.0,51.0,8.0,,-26.7,-13.3,-5.9,-33.7,-26.3,6.0
2022/03/12,202210,BK1001,Kings County,Bay Ridge,33.0,38.0,8.0,,-30.1,-17.6,-10.6,-37.3,-26.6,6.9
2022/03/19,202211,BK1001,Kings County,Bay Ridge,38.0,31.0,8.0,,-25.4,-14.9,11.1,-35.4,-27.4,5.6
2022/03/26,202212,BK1001,Kings County,Bay Ridge,69.0,41.0,8.0,,-26.9,-16.1,3.0,-35.7,-25.7,5.6
2022/04/02,202213,BK1001,Kings County,Bay Ridge,80.0,55.0,12.0,,-28.3,-16.4,-7.7,-36.3,-25.3,5.6
2022/04/09,202214,BK1001,Kings County,Bay Ridge,126.0,78.0,12.0,,-27.4,-15.9,-4.4,-35.7,-25.4,5.6
2022/04/16,202215,BK1001,Kings County,Bay Ridge,154.0,107.0,12.0,,-22.4,-11.0,26.4,-35.9,-29.4,5.6
2022/04/23,202216,BK1001,Kings County,Bay Ridge,150.0,128.0,12.0,,-29.4,-19.4,12.6,-41.4,-39.3,7.1
2022/04/30,202217,BK1001,Kings County,Bay Ridge,199.0,157.0,12.0,,-24.4,-13.7,20.0,-33.3,-25.1,4.6
2022/05/07,202218,BK1001,Kings County,Bay Ridge,280.0,196.0,34.0,5.0,-25.4,-14.4,6.1,-35.1,-27.1,5.4
2022/05/14,202219,BK1001,Kings County,Bay Ridge,317.0,236.0,34.0,5.0,-22.7,-11.6,24.9,-33.1,-25.4,4.1
2022/05/21,202220,BK1001,Kings County,Bay Ridge,300.0,274.0,34.0,5.0,-21.6,-13.0,43.1,-30.9,-25.3,3.9
2022/05/28,202221,BK1001,Kings County,Bay Ridge,256.0,288.0,34.0,5.0,-21.4,-12.0,36.0,-32.9,-26.9,4.0
2022/06/04,202222,BK1001,Kings County,Bay Ridge,238.0,278.0,22.0,5.0,-20.1,-12.1,56.3,-32.9,-31.7,4.4
2022/06/11,202223,BK1001,Kings County,Bay Ridge,201.0,249.0,22.0,5.0,-20.9,-12.4,50.4,-31.4,-29.0,3.6
2022/06/18,202224,BK1001,Kings County,Bay Ridge,189.0,221.0,22.0,5.0,-20.3,-11.6,44.6,-30.4,-26.7,3.7
2022/06/25,202225,BK1001,Kings County,Bay Ridge,186.0,204.0,22.0,5.0,-19.3,-12.7,52.3,-31.3,-31.6,4.0
2022/07/02,202226,BK1001,Kings County,Bay Ridge,246.0,206.0,37.0,,-20.6,-12.4,49.3,-33.0,-33.3,4.4
2022/07/09,202227,BK1001,Kings County,Bay Ridge,248.0,217.0,37.0,,-23.9,-14.7,65.3,-35.7,-39.7,4.9
2022/07/16,202228,BK1001,Kings County,Bay Ridge,271.0,238.0,37.0,,-23.3,-14.9,58.0,-32.4,-34.0,4.1
2022/07/23,202229,BK1001,Kings County,Bay Ridge,220.0,246.0,37.0,,-25.1,-16.3,44.9,-33.4,-33.7,6.3
2022/07/30,202230,BK1001,Kings County,Bay Ridge,220.0,240.0,37.0,,-24.4,-14.7,43.1,-33.4,-33.4,4.7
2022/08/06,202231,BK1001,Kings County,Bay Ridge,177.0,222.0,35.0,5.0,-23.6,-13.9,45.6,-33.6,-33.4,4.6
2022/08/13,202232,BK1001,Kings County,Bay Ridge,132.0,187.0,35.0,5.0,-24.4,-15.0,43.7,-33.9,-34.0,4.4
2022/08/20,202233,BK1001,Kings County,Bay Ridge,131.0,165.0,35.0,5.0,-22.6,-15.1,49.9,-32.7,-35.0,6.3
2022/08/27,202234,BK1001,Kings County,Bay Ridge,140.0,145.0,35.0,5.0,-24.1,-16.6,40.9,-33.9,-36.0,6.9
2022/09/03,202235,BK1001,Kings County,Bay Ridge,118.0,130.0,20.0,,-21.9,-14.3,44.4,-32.6,-36.1,4.3
2022/09/10,202236,BK1001,Kings County,Bay Ridge,97.0,122.0,20.0,,-22.3,-14.3,39.4,-32.6,-38.7,4.9
2022/09/17,202237,BK1001,Kings County,Bay Ridge,108.0,116.0,20.0,,-22.4,-11.9,37.4,-28.6,-32.0,3.3
2022/09/24,202238,BK1001,Kings County,Bay Ridge,119.0,110.0,20.0,,-24.1,-13.6,31.6,-28.9,-31.9,3.3
2022/10/01,202239,BK1001,Kings County,Bay Ridge,143.0,117.0,21.0,,-26.3,-14.6,14.9,-33.6,-34.6,5.1
2022/10/08,202240,BK1001,Kings County,Bay Ridge,118.0,122.0,21.0,,-27.6,-15.7,-1.7,-33.3,-32.3,5.0
2022/10/15,202241,BK1001,Kings County,Bay Ridge,127.0,127.0,21.0,,-26.3,-15.3,22.4,-33.0,-34.3,4.7
2020/08/08,202032,BX1003,Bronx County,Pelham Bay,9.0,,8.0,,-16.1,-6.6,12.1,-30.6,-36.9,9.7
2020/08/15,202033,BX1003,Bronx County,Pelham Bay,8.0,,8.0,,-16.7,-7.4,22.9,-29.4,-36.1,8.9
2020/08/22,202034,BX1003,Bronx County,Pelham Bay,8.0,,8.0,,-18.6,-9.9,10.4,-30.4,-36.0,8.9
2020/08/29,202035,BX1003,Bronx County,Pelham Bay,19.0,11.0,8.0,,-17.6,-9.1,9.1,-29.7,-35.4,8.9
2020/09/05,202036,BX1003,Bronx County,Pelham Bay,19.0,14.0,10.0,,-12.9,-4.4,21.4,-26.7,-34.7,7.7
2020/09/12,202037,BX1003,Bronx County,Pelham Bay,9.0,14.0,10.0,,-15.1,-6.3,19.0,-29.4,-37.6,8.6
2020/09/19,202038,BX1003,Bronx County,Pelham Bay,12.0,15.0,10.0,,-14.0,-6.6,3.9,-27.3,-31.4,8.3
2020/09/26,202039,BX1003,Bronx County,Pelham Bay,19.0,15.0,10.0,,-15.0,-7.1,-6.0,-26.9,-31.4,8.3
2020/10/03,202040,BX1003,Bronx County,Pelham Bay,21.0,15.0,11.0,,-16.4,-5.7,-12.4,-27.3,-30.9,8.3
2020/10/10,202041,BX1003,Bronx County,Pelham Bay,19.0,18.0,11.0,,-17.4,-4.3,-12.1,-25.9,-30.0,8.1
2020/10/17,202042,BX1003,Bronx County,Pelham Bay,24.0,21.0,11.0,,-23.7,-9.7,-27.0,-29.7,-32.4,10.0
2020/10/24,202043,BX1003,Bronx County,Pelham Bay,34.0,24.0,11.0,,-19.9,-5.6,-17.6,-26.0,-29.3,8.7
2020/10/31,202044,BX1003,Bronx County,Pelham Bay,37.0,28.0,11.0,,-22.1,-7.4,-34.9,-29.4,-30.3,9.3
2020/11/07,202045,BX1003,Bronx County,Pelham Bay,56.0,38.0,25.0,,-23.1,-6.1,-25.0,-28.6,-30.6,9.4
2020/11/14,202046,BX1003,Bronx County,Pelham Bay,74.0,50.0,25.0,,-25.6,-7.3,-21.4,-28.7,-30.6,9.7
2020/11/21,202047,BX1003,Bronx County,Pelham Bay,118.0,71.0,25.0,,-25.0,-6.7,-27.4,-29.1,-30.3,9.7
2020/11/28,202048,BX1003,Bronx County,Pelham Bay,127.0,94.0,25.0,,-26.9,-6.1,-32.1,-35.9,-39.0,11.7
2020/12/05,202049,BX1003,Bronx County,Pelham Bay,207.0,132.0,53.0,8.0,-27.0,-10.7,-38.0,-34.1,-32.4,11.3
2020/12/12,202050,BX1003,Bronx County,Pelham Bay,197.0,162.0,53.0,8.0,-25.0,-8.3,-36.4,-33.6,-31.1,10.4
2020/12/19,202051,BX1003,Bronx County,Pelham Bay,181.0,178.0,53.0,8.0,-33.1,-14.4,-40.6,-37.0,-36.4,13.3
2020/12/26,202052,BX1003,Bronx County,Pelham Bay,202.0,197.0,53.0,8.0,-26.6,-8.6,-43.9,-38.7,-40.7,12.1
2021/01/02,202053,BX1003,Bronx County,Pelham Bay,284.0,216.0,92.0,12.0,-30.0,-13.6,-39.4,-42.0,-42.4,13.6
2021/01/09,202101,BX1003,Bronx County,Pelham Bay,324.0,248.0,92.0,12.0,-30.4,-11.7,-44.3,-39.3,-34.3,11.7
2021/01/16,202102,BX1003,Bronx County,Pelham Bay,305.0,279.0,92.0,12.0,-30.3,-13.1,-42.1,-41.3,-35.0,11.3
2021/01/23,202103,BX1003,Bronx County,Pelham Bay,287.0,300.0,92.0,12.0,-33.1,-16.9,-45.4,-43.7,-38.0,12.1
2021/01/30,202104,BX1003,Bronx County,Pelham Bay,310.0,306.0,92.0,12.0,-35.6,-18.1,-49.3,-43.6,-36.7,12.1
2021/02/06,202105,BX1003,Bronx County,Pelham Bay,283.0,296.0,68.0,19.0,-40.7,-17.9,-51.9,-42.7,-42.7,15.4
2021/02/13,202106,BX1003,Bronx County,Pelham Bay,274.0,288.0,68.0,19.0,-34.0,-14.7,-49.6,-39.6,-36.9,12.0
2021/02/20,202107,BX1003,Bronx County,Pelham Bay,198.0,266.0,68.0,19.0,-36.1,-19.7,-48.6,-41.0,-41.3,13.3
2021/02/27,202108,BX1003,Bronx County,Pelham Bay,187.0,236.0,68.0,19.0,-28.3,-15.4,-40.4,-36.3,-35.3,10.4
2021/03/06,202109,BX1003,Bronx County,Pelham Bay,151.0,202.0,43.0,10.0,-25.9,-12.4,-39.1,-35.7,-35.6,10.3
2021/03/13,202110,BX1003,Bronx County,Pelham Bay,166.0,176.0,43.0,10.0,-20.9,-9.9,-17.7,-32.9,-34.4,9.0
2021/03/20,202111,BX1003,Bronx County,Pelham Bay,161.0,166.0,43.0,10.0,-22.0,-12.9,-31.1,-33.7,-34.7,9.6
2021/03/27,202112,BX1003,Bronx County,Pelham Bay,192.0,168.0,43.0,10.0,-15.7,-9.6,-8.9,-28.9,-33.6,7.7
2021/04/03,202113,BX1003,Bronx County,Pelham Bay,161.0,170.0,39.0,10.0,-19.6,-10.0,-29.4,-34.7,-38.0,9.4
2021/04/10,202114,BX1003,Bronx County,Pelham Bay,142.0,164.0,39.0,10.0,-16.0,-7.1,-1.1,-28.4,-34.0,7.4
2021/04/17,202115,BX1003,Bronx County,Pelham Bay,118.0,153.0,39.0,10.0,-23.9,-13.3,-26.9,-32.3,-33.6,8.6
2021/04/24,202116,BX1003,Bronx County,Pelham Bay,74.0,124.0,39.0,10.0,-19.3,-10.7,-5.6,-28.4,-32.4,7.6
2021/05/01,202117,BX1003,Bronx County,Pelham Bay,45.0,95.0,12.0,,-18.6,-9.6,-10.0,-29.4,-32.3,7.4
2021/05/08,202118,BX1003,Bronx County,Pelham Bay,50.0,72.0,12.0,,-16.1,-6.7,-10.4,-27.4,-32.4,6.9
2021/05/15,202119,BX1003,Bronx County,Pelham Bay,31.0,50.0,12.0,,-15.7,-8.1,0.6,-26.4,-33.9,6.1
2021/05/22,202120,BX1003,Bronx County,Pelham Bay,23.0,37.0,12.0,,-14.9,-7.7,12.7,-24.9,-32.4,6.0
2021/05/29,202121,BX1003,Bronx County,Pelham Bay,8.0,28.0,12.0,,-17.6,-9.1,-1.6,-27.6,-32.7,6.7
2021/06/05,202122,BX1003,Bronx County,Pelham Bay,8.0,18.0,,,-17.0,-8.6,-2.1,-29.7,-36.6,7.4
2021/06/12,202123,BX1003,Bronx County,Pelham Bay,13.0,13.0,,,-13.6,-5.6,11.3,-23.7,-31.0,5.3
2021/06/19,202124,BX1003,Bronx County,Pelham Bay,3.0,8.0,,,-12.3,-5.9,15.6,-24.0,-31.4,4.9
2021/06/26,202125,BX1003,Bronx County,Pelham Bay,4.0,7.0,,,-12.4,-8.4,16.4,-24.0,-32.1,4.3
2021/07/03,202126,BX1003,Bronx County,Pelham Bay,4.0,6.0,,,-15.6,-9.4,1.4,-29.3,-35.4,5.6
2021/07/10,202127,BX1003,Bronx County,Pelham Bay,12.0,6.0,,,-17.7,-9.7,21.0,-28.3,-39.3,6.0
2021/07/17,202128,BX1003,Bronx County,Pelham Bay,23.0,11.0,,,-14.9,-8.1,11.3,-26.0,-34.1,5.1
2021/07/24,202129,BX1003,Bronx County,Pelham Bay,37.0,19.0,,,-13.7,-7.9,17.4,-24.7,-34.3,4.6
2021/07/31,202130,BX1003,Bronx County,Pelham Bay,57.0,32.0,,,-16.0,-8.7,9.4,-25.6,-33.9,4.9
2021/08/07,202131,BX1003,Bronx County,Pelham Bay,68.0,46.0,25.0,,-12.7,-6.4,14.6,-24.9,-33.7,4.7
2021/08/14,202132,BX1003,Bronx County,Pelham Bay,81.0,61.0,25.0,,-17.1,-9.7,5.9,-27.6,-34.3,5.1
2021/08/21,202133,BX1003,Bronx County,Pelham Bay,110.0,79.0,25.0,,-14.0,-8.7,11.9,-27.3,-35.3,5.0
2021/08/28,202134,BX1003,Bronx County,Pelham Bay,90.0,87.0,25.0,,-22.1,-14.4,-10.7,-33.3,-37.9,6.9
2021/09/04,202135,BX1003,Bronx County,Pelham Bay,79.0,90.0,29.0,,-15.9,-7.9,2.3,-27.6,-36.9,6.1
2021/09/11,202136,BX1003,Bronx County,Pelham Bay,103.0,96.0,29.0,,-14.9,-7.0,3.0,-29.3,-38.3,6.1
2021/09/18,202137,BX1003,Bronx County,Pelham Bay,95.0,92.0,29.0,,-14.0,-3.6,11.0,-20.9,-33.4,4.1
2021/09/25,202138,BX1003,Bronx County,Pelham Bay,96.0,93.0,29.0,,-16.3,-5.7,5.4,-21.1,-31.0,4.0
2021/10/02,202139,BX1003,Bronx County,Pelham Bay,61.0,89.0,11.0,,-15.7,-3.9,5.7,-19.6,-29.0,4.0
2021/10/09,202140,BX1003,Bronx County,Pelham Bay,53.0,76.0,11.0,,-17.9,-3.4,-0.9,-21.1,-28.1,4.1
2021/10/16,202141,BX1003,Bronx County,Pelham Bay,38.0,62.0,11.0,,-19.3,-5.9,-1.9,-24.3,-29.7,5.0
2021/10/23,202142,BX1003,Bronx County,Pelham Bay,39.0,48.0,11.0,,-18.0,-5.6,1.0,-21.7,-27.1,4.3
2021/10/30,202143,BX1003,Bronx County,Pelham Bay,21.0,38.0,11.0,,-20.3,-6.9,-15.7,-23.7,-27.7,5.3
2021/11/06,202144,BX1003,Bronx County,Pelham Bay,13.0,28.0,11.0,,-18.1,-3.4,-17.0,-22.0,-27.4,4.6
2021/11/13,202145,BX1003,Bronx County,Pelham Bay,45.0,30.0,11.0,,-20.7,-6.1,-19.7,-23.6,-28.4,5.3
2021/11/20,202146,BX1003,Bronx County,Pelham Bay,39.0,30.0,11.0,,-19.4,-5.1,-21.3,-21.7,-25.9,4.4
2021/11/27,202147,BX1003,Bronx County,Pelham Bay,50.0,37.0,11.0,,-25.0,-7.9,-32.0,-31.6,-37.7,7.4
2021/12/04,202148,BX1003,Bronx County,Pelham Bay,142.0,69.0,104.0,,-22.0,-7.7,-28.6,-23.3,-26.4,5.0
2021/12/11,202149,BX1003,Bronx County,Pelham Bay,140.0,93.0,104.0,,-22.0,-7.6,-24.7,-24.1,-24.9,4.9
2021/12/18,202150,BX1003,Bronx County,Pelham Bay,337.0,167.0,104.0,,-19.9,-6.7,-20.4,-24.6,-25.0,4.7
2021/12/25,202151,BX1003,Bronx County,Pelham Bay,1088.0,427.0,104.0,,-24.0,-5.1,-35.3,-35.4,-39.0,8.4
2022/01/01,202152,BX1003,Bronx County,Pelham Bay,2087.0,913.0,142.0,19.0,-32.1,-13.0,-35.9,-42.6,-48.1,13.0
2022/01/08,202201,BX1003,Bronx County,Pelham Bay,1856.0,1342.0,142.0,19.0,-35.3,-12.6,-39.3,-38.3,-36.6,11.9
2022/01/15,202202,BX1003,Bronx County,Pelham Bay,805.0,1459.0,142.0,19.0,-34.0,-13.9,-40.7,-37.7,-32.3,9.6
2022/01/22,202203,BX1003,Bronx County,Pelham Bay,332.0,1270.0,142.0,19.0,-35.1,-17.4,-40.3,-38.3,-33.1,9.7
2022/01/29,202204,BX1003,Bronx County,Pelham Bay,148.0,785.0,142.0,19.0,-36.6,-17.1,-38.3,-37.6,-32.0,9.1
2022/02/05,202205,BX1003,Bronx County,Pelham Bay,66.0,338.0,16.0,15.0,-32.1,-15.3,-37.3,-32.3,-29.9,7.9
2022/02/12,202206,BX1003,Bronx County,Pelham Bay,40.0,146.0,16.0,15.0,-25.3,-9.1,-22.6,-27.6,-26.6,5.4
2022/02/19,202207,BX1003,Bronx County,Pelham Bay,31.0,71.0,16.0,15.0,-29.0,-13.3,-31.4,-30.0,-27.0,6.0
2022/02/26,202208,BX1003,Bronx County,Pelham Bay,23.0,40.0,16.0,15.0,-30.6,-18.0,-32.7,-35.9,-36.1,8.0
2022/03/05,202209,BX1003,Bronx County,Pelham Bay,18.0,28.0,7.0,,-27.0,-12.3,-30.9,-29.4,-26.4,4.7
2022/03/12,202210,BX1003,Bronx County,Pelham Bay,14.0,22.0,7.0,,-33.1,-17.9,-35.4,-34.4,-26.6,5.6
2022/03/19,202211,BX1003,Bronx County,Pelham Bay,24.0,20.0,7.0,,-29.4,-17.0,-25.4,-32.7,-26.4,4.6
2022/03/26,202212,BX1003,Bronx County,Pelham Bay,38.0,24.0,7.0,,-30.7,-17.6,-31.7,-31.9,-25.4,4.6
2022/04/02,202213,BX1003,Bronx County,Pelham Bay,67.0,36.0,7.0,,-31.4,-17.9,-35.7,-33.0,-25.0,4.6
2022/04/09,202214,BX1003,Bronx County,Pelham Bay,61.0,48.0,7.0,,-31.3,-17.4,-33.3,-33.0,-25.3,4.9
2022/04/16,202215,BX1003,Bronx County,Pelham Bay,90.0,64.0,7.0,,-25.0,-14.3,-14.3,-31.4,-27.7,4.3
2022/04/23,202216,BX1003,Bronx County,Pelham Bay,80.0,74.0,7.0,,-29.9,-19.7,-21.3,-35.7,-33.3,5.4
2022/04/30,202217,BX1003,Bronx County,Pelham Bay,114.0,86.0,7.0,,-26.1,-16.1,-16.7,-28.3,-23.9,3.3
2022/05/07,202218,BX1003,Bronx County,Pelham Bay,137.0,105.0,21.0,,-28.7,-16.3,-25.6,-31.6,-26.4,4.4
2022/05/14,202219,BX1003,Bronx County,Pelham Bay,177.0,127.0,21.0,,-24.3,-15.0,-15.9,-28.0,-24.0,2.7
2022/05/21,202220,BX1003,Bronx County,Pelham Bay,206.0,158.0,21.0,,-25.4,-17.0,-4.6,-27.9,-24.1,2.7
2022/05/28,202221,BX1003,Bronx County,Pelham Bay,144.0,166.0,21.0,,-25.0,-16.7,-11.3,-28.9,-25.1,3.0
2022/06/04,202222,BX1003,Bronx County,Pelham Bay,156.0,171.0,18.0,,-23.9,-16.7,3.9,-29.6,-30.1,3.1
2022/06/11,202223,BX1003,Bronx County,Pelham Bay,113.0,155.0,18.0,,-24.0,-14.7,-1.0,-27.1,-25.3,2.7
2022/06/18,202224,BX1003,Bronx County,Pelham Bay,123.0,134.0,18.0,,-24.0,-15.1,-6.3,-26.9,-25.3,2.9
2022/06/25,202225,BX1003,Bronx County,Pelham Bay,159.0,138.0,18.0,,-23.1,-16.7,1.7,-28.0,-30.0,3.4
2022/07/02,202226,BX1003,Bronx County,Pelham Bay,156.0,138.0,31.0,,-23.1,-17.0,0.6,-29.0,-31.3,3.3
2022/07/09,202227,BX1003,Bronx County,Pelham Bay,193.0,158.0,31.0,,-28.1,-18.3,7.3,-31.9,-37.1,4.0
2022/07/16,202228,BX1003,Bronx County,Pelham Bay,209.0,179.0,31.0,,-25.9,-19.0,0.9,-28.9,-31.7,3.3
2022/07/23,202229,BX1003,Bronx County,Pelham Bay,184.0,186.0,31.0,,-29.7,-21.6,-5.3,-30.6,-32.3,5.4
2022/07/30,202230,BX1003,Bronx County,Pelham Bay,176.0,190.0,31.0,,-26.9,-18.7,-2.6,-30.6,-31.9,3.9
2022/08/06,202231,BX1003,Bronx County,Pelham Bay,181.0,188.0,37.0,,-25.3,-17.9,-2.7,-29.9,-31.6,3.7
2022/08/13,202232,BX1003,Bronx County,Pelham Bay,140.0,170.0,37.0,,-28.6,-18.6,-2.7,-31.3,-31.7,3.7
2022/08/20,202233,BX1003,Bronx County,Pelham Bay,89.0,146.0,37.0,,-25.3,-19.9,1.4,-30.3,-32.3,5.6
2022/08/27,202234,BX1003,Bronx County,Pelham Bay,107.0,129.0,37.0,,-26.9,-21.1,-3.4,-31.3,-32.7,6.0
2022/09/03,202235,BX1003,Bronx County,Pelham Bay,114.0,112.0,12.0,5.0,-25.7,-19.4,-2.9,-29.6,-32.9,3.9
2022/09/10,202236,BX1003,Bronx County,Pelham Bay,72.0,96.0,12.0,5.0,-26.7,-21.0,-10.7,-30.4,-36.0,4.3
2022/09/17,202237,BX1003,Bronx County,Pelham Bay,89.0,96.0,12.0,5.0,-27.9,-18.4,-15.4,-25.4,-29.9,2.4
2022/09/24,202238,BX1003,Bronx County,Pelham Bay,86.0,90.0,12.0,5.0,-27.1,-20.1,-15.4,-25.7,-30.1,2.9
2022/10/01,202239,BX1003,Bronx County,Pelham Bay,71.0,80.0,27.0,,-28.1,-20.1,-24.9,-30.1,-30.7,3.9
2022/10/08,202240,BX1003,Bronx County,Pelham Bay,89.0,84.0,27.0,,-29.4,-19.3,-30.6,-30.4,-29.1,4.0
2022/10/15,202241,BX1003,Bronx County,Pelham Bay,87.0,83.0,27.0,,-27.9,-19.9,-19.0,-29.1,-29.3,3.7
2020/08/08,202032,SI0106,Richmond County,Port Richmond,6.0,,5.0,,-25.7,-7.4,29.6,-38.7,-35.7,10.6
2020/08/15,202033,SI0106,Richmond County,Port Richmond,8.0,,5.0,,-26.9,-7.3,38.9,-37.3,-34.9,9.9
2020/08/22,202034,SI0106,Richmond County,Port Richmond,3.0,,5.0,,-27.1,-7.7,,-37.9,-35.1,9.9
2020/08/29,202035,SI0106,Richmond County,Port Richmond,10.0,7.0,5.0,,-26.4,-6.6,,-37.1,-33.9,9.6
2020/09/05,202036,SI0106,Richmond County,Port Richmond,10.0,8.0,,,-22.7,-4.7,,-35.3,-32.9,8.7
2020/09/12,202037,SI0106,Richmond County,Port Richmond,11.0,8.0,,,-23.1,-5.0,,-37.1,-34.9,9.4
2020/09/19,202038,SI0106,Richmond County,Port Richmond,11.0,10.0,,,-20.9,-5.0,27.0,-33.9,-28.3,8.9
2020/09/26,202039,SI0106,Richmond County,Port Richmond,14.0,12.0,,,-20.3,-6.3,15.6,-35.4,-27.6,8.9
2020/10/03,202040,SI0106,Richmond County,Port Richmond,25.0,15.0,,,-19.3,-4.4,7.9,-35.1,-27.4,9.0
2020/10/10,202041,SI0106,Richmond County,Port Richmond,12.0,16.0,,,-20.1,-5.1,11.9,-28.4,-27.3,8.6
2020/10/17,202042,SI0106,Richmond County,Port Richmond,14.0,16.0,,,-23.7,-9.6,-8.7,-33.4,-29.3,10.7
2020/10/24,202043,SI0106,Richmond County,Port Richmond,11.0,16.0,,,-20.0,-4.7,5.6,-31.0,-26.4,9.4
2020/10/31,202044,SI0106,Richmond County,Port Richmond,25.0,16.0,,,-23.3,-3.6,-13.7,-36.7,-27.9,10.4
2020/11/07,202045,SI0106,Richmond County,Port Richmond,63.0,28.0,17.0,,-21.3,-5.1,-5.6,-37.0,-27.6,10.4
2020/11/14,202046,SI0106,Richmond County,Port Richmond,76.0,44.0,17.0,,-22.7,-5.3,-6.0,-37.1,-27.9,11.3
2020/11/21,202047,SI0106,Richmond County,Port Richmond,79.0,61.0,17.0,,-24.4,-5.6,-17.0,-39.6,-27.9,11.6
2020/11/28,202048,SI0106,Richmond County,Port Richmond,95.0,78.0,17.0,,-27.7,-4.4,-22.7,-44.9,-38.3,14.0
2020/12/05,202049,SI0106,Richmond County,Port Richmond,147.0,99.0,34.0,,-28.6,-9.7,-30.3,-42.1,-31.1,13.1
2020/12/12,202050,SI0106,Richmond County,Port Richmond,120.0,110.0,34.0,,-26.0,-6.9,-28.6,-41.9,-29.4,12.4
2020/12/19,202051,SI0106,Richmond County,Port Richmond,149.0,128.0,34.0,,-30.7,-8.7,-33.9,-46.6,-34.3,14.7
2020/12/26,202052,SI0106,Richmond County,Port Richmond,150.0,142.0,34.0,,-27.4,-0.6,-40.1,-49.0,-39.3,14.3
2021/01/02,202053,SI0106,Richmond County,Port Richmond,191.0,152.0,30.0,,-30.6,-9.4,-36.6,-49.1,-41.0,15.6
2021/01/09,202101,SI0106,Richmond County,Port Richmond,192.0,170.0,30.0,,-32.4,-11.6,-38.9,-47.1,-31.9,14.1
2021/01/16,202102,SI0106,Richmond County,Port Richmond,138.0,168.0,30.0,,-32.9,-13.1,-35.1,-47.3,-32.6,13.6
2021/01/23,202103,SI0106,Richmond County,Port Richmond,125.0,162.0,30.0,,-34.0,-14.7,-39.7,-49.9,-34.3,14.0
2021/01/30,202104,SI0106,Richmond County,Port Richmond,110.0,141.0,30.0,,-36.7,-16.0,-45.1,-51.1,-32.3,14.0
2021/02/06,202105,SI0106,Richmond County,Port Richmond,93.0,116.0,22.0,,-45.0,-21.0,-52.4,-53.7,-40.3,18.1
2021/02/13,202106,SI0106,Richmond County,Port Richmond,74.0,100.0,22.0,,-36.1,-15.9,-49.9,-50.6,-33.0,14.0
2021/02/20,202107,SI0106,Richmond County,Port Richmond,55.0,83.0,22.0,,-36.1,-20.1,-49.3,-50.6,-37.9,15.4
2021/02/27,202108,SI0106,Richmond County,Port Richmond,56.0,70.0,22.0,,-28.9,-13.1,-38.6,-44.9,-30.3,12.1
2021/03/06,202109,SI0106,Richmond County,Port Richmond,94.0,70.0,22.0,,-26.6,-11.6,-39.1,-43.9,-30.9,12.0
2021/03/13,202110,SI0106,Richmond County,Port Richmond,83.0,72.0,22.0,,-22.0,-8.7,-12.1,-40.9,-29.6,10.7
2021/03/20,202111,SI0106,Richmond County,Port Richmond,91.0,81.0,22.0,,-22.6,-10.6,-26.9,-41.1,-30.0,11.0
2021/03/27,202112,SI0106,Richmond County,Port Richmond,125.0,98.0,22.0,,-18.1,-9.4,0.7,-37.9,-30.0,9.6
2021/04/03,202113,SI0106,Richmond County,Port Richmond,108.0,102.0,20.0,,-17.0,-4.7,-18.7,-42.0,-35.0,10.6
2021/04/10,202114,SI0106,Richmond County,Port Richmond,91.0,104.0,20.0,,-17.9,-7.1,6.3,-36.7,-31.4,8.9
2021/04/17,202115,SI0106,Richmond County,Port Richmond,101.0,106.0,20.0,,-20.9,-9.4,-20.3,-40.3,-30.1,10.3
2021/04/24,202116,SI0106,Richmond County,Port Richmond,56.0,89.0,20.0,,-15.9,-7.1,5.1,-34.9,-28.9,8.9
2021/05/01,202117,SI0106,Richmond County,Port Richmond,41.0,72.0,7.0,,-14.1,-5.1,-0.4,-34.6,-29.1,8.7
2021/05/08,202118,SI0106,Richmond County,Port Richmond,34.0,58.0,7.0,,-12.9,-2.6,-4.0,-33.7,-28.9,8.1
2021/05/15,202119,SI0106,Richmond County,Port Richmond,29.0,40.0,7.0,,-11.6,-3.0,6.7,-31.4,-30.3,7.0
2021/05/22,202120,SI0106,Richmond County,Port Richmond,4.0,27.0,7.0,,-10.4,-1.0,15.9,-29.4,-29.1,6.7
2021/05/29,202121,SI0106,Richmond County,Port Richmond,11.0,20.0,7.0,,-12.3,-3.1,-3.6,-33.0,-29.0,7.6
2021/06/05,202122,SI0106,Richmond County,Port Richmond,14.0,14.0,,,-12.0,-3.0,-4.6,-34.6,-32.4,8.3
2021/06/12,202123,SI0106,Richmond County,Port Richmond,10.0,10.0,,,-8.0,0.1,0.4,-28.0,-26.3,6.1
2021/06/19,202124,SI0106,Richmond County,Port Richmond,5.0,10.0,,,-6.6,2.1,5.3,-26.7,-26.6,5.4
2021/06/26,202125,SI0106,Richmond County,Port Richmond,7.0,9.0,,,-6.9,-0.3,1.6,-27.6,-28.3,5.4
2021/07/03,202126,SI0106,Richmond County,Port Richmond,8.0,8.0,7.0,,-11.0,-1.7,-14.1,-31.3,-32.1,6.7
2021/07/10,202127,SI0106,Richmond County,Port Richmond,10.0,8.0,7.0,,-14.0,-3.1,0.1,-28.9,-37.1,6.7
2021/07/17,202128,SI0106,Richmond County,Port Richmond,11.0,9.0,7.0,,-11.0,-2.7,-2.4,-27.9,-30.3,5.7
2021/07/24,202129,SI0106,Richmond County,Port Richmond,22.0,13.0,7.0,,-10.3,-1.9,11.4,-25.7,-30.1,5.4
2021/07/31,202130,SI0106,Richmond County,Port Richmond,52.0,24.0,7.0,,-10.4,-3.1,9.3,-26.9,-29.6,5.6
2021/08/07,202131,SI0106,Richmond County,Port Richmond,78.0,41.0,13.0,,-10.3,-1.7,12.0,-26.7,-29.4,5.4
2021/08/14,202132,SI0106,Richmond County,Port Richmond,57.0,52.0,13.0,,-12.4,-4.1,-0.7,-29.0,-29.9,6.1
2021/08/21,202133,SI0106,Richmond County,Port Richmond,62.0,62.0,13.0,,-11.9,-2.6,5.0,-28.7,-31.1,6.0
2021/08/28,202134,SI0106,Richmond County,Port Richmond,64.0,65.0,13.0,,-17.3,-8.0,-18.0,-36.3,-33.7,7.7
2021/09/04,202135,SI0106,Richmond County,Port Richmond,58.0,60.0,14.0,,-11.1,-3.6,-2.6,-28.3,-32.7,7.0
2021/09/11,202136,SI0106,Richmond County,Port Richmond,39.0,56.0,14.0,,-9.3,-1.9,5.0,-29.7,-34.0,7.1
2021/09/18,202137,SI0106,Richmond County,Port Richmond,57.0,54.0,14.0,,-7.6,1.9,7.7,-20.4,-29.3,5.1
2021/09/25,202138,SI0106,Richmond County,Port Richmond,42.0,49.0,14.0,,-10.7,-1.0,8.0,-19.7,-27.4,4.6
2021/10/02,202139,SI0106,Richmond County,Port Richmond,31.0,42.0,6.0,,-9.0,1.4,3.4,-19.9,-24.1,4.4
2021/10/09,202140,SI0106,Richmond County,Port Richmond,33.0,41.0,6.0,,-10.4,0.1,-2.1,-19.7,-22.9,4.4
2021/10/16,202141,SI0106,Richmond County,Port Richmond,25.0,33.0,6.0,,-10.4,-1.0,-5.9,-23.9,-25.6,5.6
2021/10/23,202142,SI0106,Richmond County,Port Richmond,16.0,26.0,6.0,,-9.7,-0.3,-2.1,-21.0,-22.1,4.3
2021/10/30,202143,SI0106,Richmond County,Port Richmond,27.0,25.0,6.0,,-9.7,1.0,-14.0,-23.0,-22.3,5.7
2021/11/06,202144,SI0106,Richmond County,Port Richmond,14.0,20.0,5.0,,-8.7,0.7,-10.4,-20.3,-22.3,5.3
2021/11/13,202145,SI0106,Richmond County,Port Richmond,27.0,21.0,5.0,,-9.4,-0.7,-7.3,-20.7,-23.9,5.7
2021/11/20,202146,SI0106,Richmond County,Port Richmond,45.0,28.0,5.0,,-9.4,1.4,-20.3,-21.3,-19.9,5.0
2021/11/27,202147,SI0106,Richmond County,Port Richmond,38.0,31.0,5.0,,-13.1,2.7,-30.9,-29.7,-34.3,8.4
2021/12/04,202148,SI0106,Richmond County,Port Richmond,68.0,44.0,29.0,,-10.7,-0.1,-24.7,-21.9,-20.0,5.4
2021/12/11,202149,SI0106,Richmond County,Port Richmond,77.0,57.0,29.0,,-10.9,0.1,-23.7,-22.4,-19.0,5.7
2021/12/18,202150,SI0106,Richmond County,Port Richmond,218.0,100.0,29.0,,-7.3,3.6,-20.0,-23.4,-18.9,5.4
2021/12/25,202151,SI0106,Richmond County,Port Richmond,587.0,238.0,29.0,,-10.7,8.4,-31.4,-33.0,-35.1,9.3
2022/01/01,202152,SI0106,Richmond County,Port Richmond,1098.0,495.0,33.0,,-19.9,-2.0,-35.1,-38.6,-46.4,14.7
2022/01/08,202201,SI0106,Richmond County,Port Richmond,970.0,718.0,33.0,,-24.4,-5.7,-37.9,-36.9,-31.1,13.3
2022/01/15,202202,SI0106,Richmond County,Port Richmond,365.0,755.0,33.0,,-23.0,-7.0,-40.7,-38.0,-25.9,10.6
2022/01/22,202203,SI0106,Richmond County,Port Richmond,184.0,654.0,33.0,,-23.3,-11.4,-41.0,-39.7,-27.1,10.4
2022/01/29,202204,SI0106,Richmond County,Port Richmond,70.0,397.0,33.0,,-26.7,-12.7,-41.7,-38.9,-27.7,10.3
2022/02/05,202205,SI0106,Richmond County,Port Richmond,41.0,165.0,,,-22.6,-10.4,-41.6,-34.9,-24.0,8.7
2022/02/12,202206,SI0106,Richmond County,Port Richmond,22.0,79.0,,,-16.3,-4.9,-24.3,-28.3,-19.7,5.9
2022/02/19,202207,SI0106,Richmond County,Port Richmond,28.0,40.0,,,-19.1,-7.1,-34.1,-30.3,-20.6,6.3
2022/02/26,202208,SI0106,Richmond County,Port Richmond,11.0,26.0,,,-19.3,-12.4,-31.0,-36.3,-32.3,8.1
2022/03/05,202209,SI0106,Richmond County,Port Richmond,13.0,18.0,,,-17.7,-9.3,-29.0,-29.6,-19.9,5.0
2022/03/12,202210,SI0106,Richmond County,Port Richmond,13.0,16.0,,,-20.3,-12.1,-32.6,-33.9,-19.7,5.7
2022/03/19,202211,SI0106,Richmond County,Port Richmond,14.0,13.0,,,-15.9,-8.7,-15.6,-30.4,-19.6,4.6
2022/03/26,202212,SI0106,Richmond County,Port Richmond,13.0,13.0,,,-17.7,-9.7,-23.9,-31.0,-18.9,4.7
2022/04/02,202213,SI0106,Richmond County,Port Richmond,31.0,18.0,5.0,,-18.3,-9.9,-30.7,-33.3,-18.7,4.4
2022/04/09,202214,SI0106,Richmond County,Port Richmond,30.0,22.0,5.0,,-19.0,-8.7,-30.1,-33.4,-18.9,4.6
2022/04/16,202215,SI0106,Richmond County,Port Richmond,37.0,28.0,5.0,,-13.0,-2.6,-10.0,-27.3,-22.0,4.3
2022/04/23,202216,SI0106,Richmond County,Port Richmond,35.0,33.0,5.0,,-18.9,-13.1,-18.1,-33.1,-33.1,5.6
2022/04/30,202217,SI0106,Richmond County,Port Richmond,53.0,39.0,5.0,,-14.7,-6.6,-20.9,-27.6,-19.3,3.3
2022/05/07,202218,SI0106,Richmond County,Port Richmond,70.0,49.0,9.0,,-12.6,-5.0,-29.6,-24.9,-21.4,4.6
2022/05/14,202219,SI0106,Richmond County,Port Richmond,124.0,70.0,9.0,,-12.3,-4.9,-17.3,-28.0,-19.9,3.3
2022/05/21,202220,SI0106,Richmond County,Port Richmond,105.0,88.0,9.0,,-13.0,-6.0,-1.4,-27.0,-19.6,3.3
2022/05/28,202221,SI0106,Richmond County,Port Richmond,94.0,98.0,9.0,,-11.6,-4.0,-7.1,-27.3,-20.7,3.3
2022/06/04,202222,SI0106,Richmond County,Port Richmond,96.0,105.0,17.0,,-11.7,-4.4,7.6,-27.1,-26.6,3.6
2022/06/11,202223,SI0106,Richmond County,Port Richmond,90.0,96.0,17.0,,-9.6,-5.1,4.1,-25.6,-21.9,2.7
2022/06/18,202224,SI0106,Richmond County,Port Richmond,76.0,89.0,17.0,,-9.6,-3.3,-4.0,-26.4,-21.1,2.9
2022/06/25,202225,SI0106,Richmond County,Port Richmond,62.0,81.0,17.0,,-9.3,-3.7,2.3,-27.1,-26.6,3.4
2022/07/02,202226,SI0106,Richmond County,Port Richmond,66.0,74.0,16.0,,-10.7,-4.4,2.1,-26.1,-28.3,3.7
2022/07/09,202227,SI0106,Richmond County,Port Richmond,96.0,75.0,16.0,,-16.3,-7.0,11.7,-27.1,-36.6,4.9
2022/07/16,202228,SI0106,Richmond County,Port Richmond,94.0,80.0,16.0,,-15.1,-7.6,7.4,-26.1,-29.9,3.7
2022/07/23,202229,SI0106,Richmond County,Port Richmond,96.0,88.0,16.0,,-16.0,-8.0,-2.1,-28.3,-29.9,6.0
2022/07/30,202230,SI0106,Richmond County,Port Richmond,89.0,94.0,16.0,,-15.7,-6.6,-2.0,-27.0,-29.0,4.6
2022/08/06,202231,SI0106,Richmond County,Port Richmond,81.0,90.0,10.0,,-16.1,-7.0,-3.6,-27.0,-29.3,4.4
2022/08/13,202232,SI0106,Richmond County,Port Richmond,56.0,80.0,10.0,,-17.0,-7.6,-4.4,-27.6,-29.3,4.3
2022/08/20,202233,SI0106,Richmond County,Port Richmond,63.0,72.0,10.0,,-16.4,-7.9,1.0,-25.4,-30.1,6.1
2022/08/27,202234,SI0106,Richmond County,Port Richmond,35.0,59.0,10.0,,-18.0,-9.4,-7.3,-25.7,-31.1,6.4
2022/09/03,202235,SI0106,Richmond County,Port Richmond,39.0,48.0,5.0,,-14.9,-7.7,-2.4,-25.4,-31.0,4.1
2022/09/10,202236,SI0106,Richmond County,Port Richmond,45.0,46.0,5.0,,-15.4,-7.1,-9.9,-24.7,-33.4,4.9
2022/09/17,202237,SI0106,Richmond County,Port Richmond,48.0,42.0,5.0,,-14.7,-5.3,-9.4,-19.0,-26.3,2.4
2022/09/24,202238,SI0106,Richmond County,Port Richmond,44.0,44.0,5.0,,-16.7,-7.9,-11.0,-20.6,-26.6,2.6
2022/10/01,202239,SI0106,Richmond County,Port Richmond,63.0,50.0,12.0,,-16.6,-8.1,-21.3,-27.0,-27.7,4.4
2022/10/08,202240,SI0106,Richmond County,Port Richmond,46.0,50.0,12.0,,-18.9,-9.4,-30.6,-28.3,-25.6,4.6
2022/10/15,202241,SI0106,Richmond County,Port Richmond,72.0,56.0,12.0,,-15.6,-8.6,-13.3,-22.0,-26.3,3.7
